{
  "train_loss": [
    0.8393861490738492,
    0.688458283825081,
    0.6731593092060891,
    0.6631703995295933,
    0.6638497886208927,
    0.5883182409847484,
    0.4927734538695391,
    0.4556751291339137,
    0.427949177879045,
    0.41748067961981315

  ],
  "val_loss": [
    0.6707180585043771,
    0.6336618744259789,
    0.6275690275510153,
    0.6121784650530134,
    0.622942043463389,
    0.465719015007927,
    0.42771884219532924,
    0.4024791149321057,
    0.39325895407086326,
    0.38637020293644494
  ],
  "train_acc": [
    0.7649420168067227,
    0.8422151260504202,
    0.8500983193277311,
    0.8477411764705882,
    0.8542033613445378,
    0.8926974789915967,
    0.9454672268907563,
    0.9662638655462185,
    0.976590756302521,
    0.9811714285714285
  ],
  "val_acc": [
    0.865504761904762,
    0.8810904761904762,
    0.8893142857142857,
    0.8893857142857142,
    0.8929666666666667,
    0.9512380952380952,
    0.9726857142857143,
    0.9845619047619047,
    0.9857952380952381,
    0.99440857142857143
  ]
}